variable,count,mean,std,min,25%,50%,75%,max,original
dummy1,1000.0,0.00043769409756140196,0.00966077303934518,-0.02935189498465,-0.006107682189361025,0.0005617340586443001,0.007125538379826249,0.0281866913937207,-0.0006342547338675
dummy2,1000.0,-0.00016228401440212826,0.011984145782331557,-0.0338751988200201,-0.008625327961342799,-0.0001905998259879,0.007886054773042975,0.0343464819277059,-0.004269864731988
x1,1000.0,0.1806111840062448,2.965987930616964,-8.947074929526755,-1.820031076483639,0.1293313777061335,2.059596548156315,28.203738514437617,28.203738514437617
x2,1000.0,0.2538124338914884,8.080405184557115,-26.058729056937104,-5.111805485326164,0.2730389677840863,5.37902870261417,75.05024785111814,75.05024785111814
x3,1000.0,-0.03847843389628543,1.8508343366936306,-6.673974846332997,-1.2456891499536522,-0.0424388414635661,1.1921190618444022,17.754210729840864,17.754210729840864
